title,score,id,url,comms_num,body
Guardians of the Front Page,283478,5gn8ru,http://i.imgur.com/OOFRJvr.gifv,4976,
"Thanks, Obama.",230833,5bx4bx,https://i.reddituploads.com/58986555f545487c9d449bd5d9326528?fit=max&h=1536&w=1536&s=c15543d234ef9bbb27cb168b01afb87d,6085,
"Take your time, you got this",268694,ccr8c8,https://i.redd.it/5ugttvttk3a31.jpg,3616,
Blizzard Employees Staged a Walkout After the Company Banned a Gamer for Pro-Hong Kong Views,226330,dfn3yi,https://www.thedailybeast.com/blizzard-employees-staged-a-walkout-to-protest-banned-pro-hong-kong-gamer,9627,
"This is Shelia Fredrick, a flight attendant. She noticed a terrified girl accompanied by an older man. She left a note in the bathroom on which the victim wrote that she needed help. The police was alerted & the girl was saved from a human trafficker. We should honor our heroes.",222805,5sfexx,https://i.reddituploads.com/d1e77b5c62694624ba7235a57431f070?fit=max&h=1536&w=1536&s=b3103272b2bf369f5c42396b09c4caf8,4355,
DEMOCRACY NOW,223571,cp4sce,https://i.redd.it/6tcarmtiwwf31.jpg,4732,
I got a cease and desist for making the Crocs Gloves,207262,co6h3d,https://i.redd.it/9xijbv8pvgf31.jpg,4803,
Printers,220418,d2bwot,https://i.redd.it/jlx9wokn7tl31.jpg,2487,
I drew all the boys together and i did it for the internet,215155,c3p3dy,https://i.redd.it/yb3996njhw531.jpg,4242,
1 dad reflex 2 children,204192,5jrlw1,http://i.imgur.com/Rum0zSz.gifv,5639,
The dog is supposed to run up in front of her and sit.,201195,cmrkpt,https://gfycat.com/bewitchedpleasedbongo,2593,
Guy Naruto Runs Past News Anchor for Storm Area 51,199237,d6rgfq,https://i.imgur.com/ZenTaxR.gifv,2556,
"Tear gas canisters filmed raining in Hong Kong - against all regulations, while police deny firing from height",185137,ctyc5c,https://i.imgur.com/vAJfFqs.gifv,6321,
Protestor in Hong Kong today,189410,cpsdwd,https://i.imgur.com/zFDHmbn.jpg,7812,
This image of Xi Jiping as Winnie the Pooh is illegal in mainland China,197013,dcabzh,https://i.imgur.com/v60fY9U.png,961,
Irish man leaves funny recording for his funeral!,198776,dhfigp,https://v.redd.it/9i0fn3qp3ds31,2660,
This is Tiger. He just turned 31. We are told he is the oldest cat in the state of Illinois,181061,ckbolc,https://i.redd.it/sg3q5cuedod31.jpg,4401,
"Jeffrey Epstein, accused sex trafficker, dies by suicide: Officials",170196,cohqmr,https://abcnews.go.com/US/jeffrey-epstein-accused-sex-trafficker-dies-suicide-officials/story?id=64881684,32850,
The moment this jogger realized he stumbled into my friends‚Äô engagement photo,174522,c7yzex,https://i.redd.it/a06hlwnlvq731.jpg,3106,
Simpsons predicted it yet again,204910,d9gvok,https://i.redd.it/mt1p2undiwo31.jpg,3245,
You fell for it fool!,285669,cjlngm,https://i.redd.it/1wbz4b15vcd31.jpg,16063,
What a considerate man,189657,d8bvvm,https://i.redd.it/eihhjg3veeo31.jpg,1334,
Middle child asserting dominance over all others,172570,cjss0s,https://v.redd.it/lfyl8q3fegd31,4077,
"Growing up, other kids used to make fun of me because I looked like the original Bob the Builder. While working in the field, they gave us these hard hats so I thought I‚Äôd take a selfie for the boys back home.",163929,c273ua,https://i.redd.it/19f2nuir86531.jpg,2184,
"Friendly reminder that China is running concentration camps and interning up to an estimated 3 million people who are being brainwashed with communist propaganda, tortured, raped, humiliated, used as medical guinea pigs, sterilised, and executed for their organs",175725,dgib1y,https://i.imgur.com/D6lyZz1.png,6011,
Protestors in Hong Kong are cutting down facial recognition towers.,172685,cv31p6,https://gfycat.com/edibleunrulyargentineruddyduck,4370,
Monkeybro helps out,176929,cyh627,https://v.redd.it/vjz99l0tg2k31,2635,
I'm babysitting my friend's cat and did a photoshoot for her,158067,bk2gzq,https://i.imgur.com/fcuRqwl.jpg,1417,
Every year this mama duck brings her babies to my house and I help her take care of them. This morning I opened my door to 13 new peeping fluff balls.,170299,crpjwk,https://i.redd.it/vd5ubvfxs1h31.jpg,2725,
Should have been Bernie,163295,5by1wy,https://i.sli.mg/mwl3jS.jpg,8686,
"2.6 terabyte leak of Panamanian shell company data reveals ""how a global industry led by major banks, legal firms, and asset management companies secretly manages the estates of politicians, Fifa officials, fraudsters and drug smugglers, celebrities and professional athletes.""",154764,4d75i7,http://panamapapers.sueddeutsche.de/articles/56febff0a1bb8d3c3495adf4/,12166,
8 years clean from heroin today,166057,cpvvpy,https://i.redd.it/faovl84px8g31.jpg,2383,
It's snowing in Australia at the moment and its not every day that you get to see Kangaroos hopping in the snow.,166763,cpaikg,https://gfycat.com/hairyvibrantamericanratsnake,3434,
So inspiring,166701,d2uo0n,https://i.redd.it/na4ybsfed0m31.jpg,3186,
Every year a bobcat mama gives birth to a litter of kittens on my roof. I set up a camera this time around.,157394,buzdy7,https://v.redd.it/4y80r6bdbf131,2043,
The full Tiananmen Square Tank Man picture is so much more powerful than the cropped one,169210,dgua6k,https://i.imgur.com/VsZHVCp.jpg?1,2434,
Looking at my cameras during a business trip. When suddenly....,158737,c22hu3,https://gfycat.com/chiefterrifichorsemouse,2242,
For real though,158558,bpet7l,https://i.redd.it/m16dhaqyply21.jpg,1575,
I was without internet for a while. Decided to use my talents to make Deangelo actually juggle balls.,160307,cec448,https://v.redd.it/fx3ytdp7vua31,2937,
Censorship Bad,158144,ctp7os,https://i.redd.it/jxjih6213wh31.png,2,
The protest rally in Hong Kong right now (source: twitter),158256,crzqtu,https://i.redd.it/dtwmh1cps6h31.jpg,3401,
Hope #trashtag is still on,153694,c89e28,https://i.redd.it/t9xplwbi9w731.jpg,2050,
"Spotted in Hong Kong: ¬´Hear HK now, or be Hong Kong soon¬ª",161712,dhp5x5,https://i.redd.it/suqemp7sqhs31.jpg,3268,
This image is illegal in China. Tiananmen Square 1989 massacre,158944,dfyw13,https://i.redd.it/mbn5z9cr5qr31.jpg,3138,
"30,000 up-votes and this becomes a Lord of The Rings subreddit",150583,bnzbad,https://i.imgur.com/q7sxmDo.jpg,1515,
Guy wakes up in the wrong house!,165081,daefhv,https://v.redd.it/g1900bu1dbp31,4290,
Actual Air Force Brief My Cousin Had to Sit Through,164886,cfbgj1,https://i.redd.it/kg5zwmj03bb31.jpg,2879,
Youtuber gets every single video on his channel copyright claimed despite having the rights to all the music in his videos,151161,bqgt43,https://i.imgur.com/DFCbOrY.jpg,3632,
"Hey Blizzard, I heard you like China's money ?",176012,dfc00m,https://i.redd.it/uonxofnh1gr31.jpg,1751,
This is Maya. Her owner built her a luxury cabin so that people passing by can say hello and even talk to her while he's at work.,155568,cqzckc,https://i.imgur.com/ID6KeUr.gifv,1665,
This baby having a full conversation with daddy,151395,bx1911,https://v.redd.it/gmfvwfwari231,3289,
Didn't Disappoint.,169866,d6zfsp,https://i.redd.it/6az7dr5fqsn31.jpg,620,
"Dads probably bond with dogs so much because, in our society, men don‚Äôt get shown a lot of affection but dogs give tons of affection regardless",159851,com04g,https://www.reddit.com/r/Showerthoughts/comments/com04g/dads_probably_bond_with_dogs_so_much_because_in/,3662,
ABC uses 2016 footage from a gun range display to represent the fighting in Syria,153896,dhubor,https://i.imgur.com/TYkeVGh.gifv,10368,
Hopefully he doesn‚Äôt fail me...,151491,bzra7z,https://i.redd.it/6czrmutdhx331.jpg,1524,
Thank you Kendrick Castillo,146324,bmabfj,https://i.redd.it/gh2u5c44r1x21.jpg,3438,
Don't forget about this,157912,5pqxdk,http://i.imgur.com/7aGdxhe.jpg,5292,
I have a hereditary gap in my eyebrow,148187,ccd8x0,https://i.redd.it/eh0dr9keiw931.jpg,2639,
Its all coming together,176911,dgcej8,https://i.redd.it/0wbivqv9nvr31.jpg,1125,
The clearest image of Mars ever taken!,148683,d4k2ce,https://i.redd.it/bd8nopgsbw631.jpg,2423,
"Due to all the health hazards surrounding the Rio Olympics, I figured they could use a new logo. [OC]",141596,4vq7rj,http://i.imgur.com/FApqk3D.jpg,2149,
Leo gets the Oscar!,141536,488gjl,https://www.reddit.com/r/movies/comments/488gjl/leo_gets_the_oscar/,14882,
I CROCHET full body costumes for my son! Xenomorph was this year!,147315,dcyjg4,https://i.redd.it/tlufmkhjmeq31.jpg,2060,
Told you I am not at all interested in all that food.,149143,d44cen,https://v.redd.it/ft6nr4ctvjm31,1378,
A man in India protesting for better roads..,148649,cymx0k,https://v.redd.it/6k7wfunlj5k31,1666,
This picture isn't banned in China,150844,di8uaf,https://i.imgur.com/NSr0tyd.jpg,2376,
"Anthony Bourdain once said ""There's a guy in my head, and all he wants to do is lay in bed all day long, smoke pot, and watch old movies and cartoons. My life is a series of strategems, to avoid, and outwit that guy"". Who is ""that guy"" for you, and what do you do to avoid him?",150806,dcxylq,https://www.reddit.com/r/AskReddit/comments/dcxylq/anthony_bourdain_once_said_theres_a_guy_in_my/,11261,
And that's a fact,159859,ctxvmu,https://i.redd.it/z9oh7ligb0i31.jpg,837,
$80 to felony in 3...2...1...,149261,ck08in,https://v.redd.it/d2tadtcv2jd31,11601,
This is why Reddit is better,159648,cyop7a,https://i.redd.it/y594n8exi6k31.jpg,1154,
Area 51 raiders in the early morning hours of September 20th,142092,d6sxsw,https://i.redd.it/ufdis3zk7qn31.jpg,5209,
"I'm in Gunpo, South Korea. I found a guy in Montevideo, Uruguay on Reddit, the exact opposite side of the world. Today we made an Earth Sandwich, 8AM for me, 8PM for him. I love the Internet.",138482,bk2cmm,https://i.imgur.com/mah3BRM.jpg,2351,
This cat's peculiar jumping style.,148955,c8rn9f,https://gfycat.com/scientificrespectfulhuman,1433,
My house burned down...,144496,cg791p,https://i.redd.it/tt78n4omjrb31.jpg,4506,
Ireland‚Äôs President looks like Danny DeVito playing Bernie Sanders,143311,d6fsgg,https://i.redd.it/l7ahckhylkn31.jpg,1685,
Hong Kong Police beat and broke this teenager's neck. They refused to untie his hands for first aid after he lost consciousness for 20 minutes until a firefighter forced them to.,140122,cz75gj,https://i.redd.it/dnnz97y3oek31.jpg,4243,
A protest of 1.03 Million People in a city with a population of 7 Million. That means every 1/7 of the people in Hong Kong are protesting for keeping their rights.,139791,bykz7o,https://i.redd.it/v5599hzsgc331.jpg,3233,
i built a miniature audience out of ads I got in the mail,142306,cpjzeq,https://i.redd.it/dvlbcecrj3g31.jpg,1918,
He‚Äôs trying,147972,cpsz9c,https://i.redd.it/e1cnz3bhu7g31.jpg,1034,
"If I get 100 upvotes, I'll buy everyone who upvotes a copy of Sun and Moon",138599,5ac0p2,https://www.reddit.com/r/pokemon/comments/5ac0p2/if_i_get_100_upvotes_ill_buy_everyone_who_upvotes/,79332,"I'm rich and bored. Make me proud Reddit! 

Leave a comment below after upvoting so I know to message you to send a copy."
Today Shaq came to my newsroom and spontaneously gave me a hug on live TV,140132,cwp5rr,https://gfycat.com/importantfluffyairedaleterrier,1847,
Bart can be nice too,141993,c3hs6k,https://i.redd.it/ghbyqn3xhs531.jpg,630,
I'm no longer banned from playing in magic tournaments. I have risen from the ashes to defend my honor against the scrubs of Earth. Prepare yourselves.,135591,3kxtl0,http://imgur.com/8DX2l76,5413,
Petition to end horse racing for this.,140932,catve9,https://v.redd.it/9iw76r5qh6931,1723,
Nobody has ever had as much fun at a party as these two are having at this party,145810,d9cqt8,https://v.redd.it/1ivd8adocuo31,1605,
Meüì¢irl,142934,cs507j,https://i.redd.it/agx6t6h539h31.jpg,1736,
This is the best thing I've done on snapchat.,168689,5y51v9,https://i.redd.it/snxd9tay93ky.gif,1319,
My Uber driver offered a conversation ‚Äúmenu‚Äù for his ride,140041,cekkd7,https://i.redd.it/5gbe99q37ya31.jpg,1970,
My broken antenna on my car looks like a half sunken boat.,138227,c0sphv,https://i.redd.it/uq4p05wtrf431.jpg,1278,
Cool new card from Activision Blizzard's Hearthstone!,140871,dexong,https://i.redd.it/n9zqxbbhfar31.png,5187,
Me as the official ObiWan Kenboni,137842,5agzmb,http://imgur.com/3ulGGI4,3309,
"My cat learned that the alarm sound means I wake up, and she snuggles on my chest right after. I've been setting my alarm 30 minutes early every day to give her more happy time.",138424,cjhcoq,https://i.redd.it/a1f8a3ty3bd31.jpg,1598,
Dad gets (pretend) vaccinated first so daughter is less scared by needles.,140065,cy9kuk,https://v.redd.it/vqfo1gvxbzj31,2275,
"14 years of graphics improvements, all so we can properly digitize keanu.",135495,bysksn,https://i.imgur.com/SrWmlAn.jpg,1616,
The real picture of Tiananmen Square that people should be posting,134507,bw1e96,https://imgur.com/9m7CCb8,6179,
"TIL In 1959, police were called to a segregated library in S. Carolina when a 9yr-old Black boy refused to leave. He later got a PhD in Physics from MIT, and died in 1986, one of the astronauts aboard the space shuttle Challenger. The library that refused to lend him books is now named after him.",136672,ceigyw,https://en.wikipedia.org/wiki/Ronald_McNair,2945,
Live out your dreams,142578,ct7hu7,https://i.redd.it/3axu70vhkoh31.jpg,1390,
Lowland gorilla at Miami zoo uses sign language to tell someone that he's not allowed to be fed by visitors.,143508,ddhzpd,https://i.imgur.com/Zoa2I0F.gif,2093,
Hasbruh moment,149260,d398dx,https://i.redd.it/1y8xpb2xh6m31.jpg,1432,
Found an old linerider course I made in middle school!,142164,5fk6rm,https://gfycat.com/OrdinaryFittingCow,2081,
"This wolf and bear pair were documented travelling, hunting and sharing food together for 10 days.",138184,cocsc1,https://i.redd.it/48gd3tkkhjf31.jpg,2263,
An old team at reddit,132246,3cucye,https://www.reddit.com/r/announcements/comments/3cucye/an_old_team_at_reddit/,20291,"Ellen Pao resigned from reddit today by mutual agreement.  I'm delighted to announce that Steve Huffman, founder and the original reddit CEO, is returning as CEO.
 
We are thankful for Ellen‚Äôs many contributions to reddit and the technology industry generally.  She brought focus to chaos, recruited a world-class team of executives, and drove growth.  She brought a face to reddit that changed perceptions, and is a pioneer for women in the tech industry.  She will remain as an advisor to the board through the end of 2015.  I look forward to seeing the great things she does beyond that.
 
We‚Äôre very happy to have Steve back.  Product and community are the two legs of reddit, and the board was very focused on finding a candidate who excels at both (truthfully, community is harder), which Steve does.  He has the added bonus of being a founder with ten years of reddit history in his head.  Steve is rejoining Alexis, who will work alongside Steve with the new title of ‚Äúcofounder‚Äù.
 
A few other points.  Mods, you are what makes reddit great.  The reddit team, now with Steve, wants to do more for you.  You deserve better moderation tools and better communication from the admins.
 
Second, redditors, you deserve clarity about what the content policy of reddit is going to be.  The team will create guidelines to both preserve the integrity of reddit and to maintain reddit as the place where the most open and honest conversations with the entire world can happen.

Third, as a redditor, I‚Äôm particularly happy that Steve is so passionate about mobile.  I‚Äôm very excited to use reddit more on my phone.
 
As a closing note, it was sickening to see some of the things redditors wrote about Ellen. [1] The reduction in compassion that happens when we‚Äôre all behind computer screens is not good for the world.  People are still people even if there is Internet between you.

If the reddit community cannot learn to balance authenticity and compassion, it may be a great website but it will never be a truly great community.  Steve‚Äôs great challenge as CEO [2] will be continuing the work Ellen started to drive this forward.
 
 
[1] Disagreements are fine.  Death threats are not, are not covered under free speech, and will continue to get offending users banned.

Ellen asked me to point out that the sweeping majority of redditors didn‚Äôt do this, and many were incredibly supportive. Although the incredible power of the Internet is the amplification of voices, unfortunately sometimes those voices are hateful.
 
[2] We were planning to run a CEO search here and talked about how Steve (who we assumed was unavailable) was the benchmark candidate‚Äîhe has exactly the combination of talent and vision we were looking for.  To our delight, it turned out our hypothetical benchmark candidate is the one actually taking the job.


NOTE: I am going to let the reddit team answer questions here, and go do an AMA myself now.
"
"its been my dream to be a game dev forever, and today at 20 yrs old i deployed my first ever finished game to a local muesum. 1000s of lines of code, 75% mine, all done in under 3 weeks.",135036,cjyndn,https://i.redd.it/a0e6do33hid31.jpg,1034,
The Area 51 raid is still happening right?,142632,cz2i20,https://i.redd.it/4hrn18t4lck31.jpg,1014,
So this happened to me today...,135169,bucyuc,https://v.redd.it/3pu03xklm4131,2491,
The one group you always stick with,132201,c429dm,https://i.redd.it/8241qnxe03631.png,2228,
Doggo's polite and subtle implication that he is interested in going for a walk,132810,c1qt1x,https://gfycat.com/healthyfaintbilby,1107,
me_irl,131246,bpdggk,https://i.redd.it/kss1vpn06ly21.jpg,991,
#liberatehongkong,132980,df5m5n,https://i.redd.it/5lamyfosldr31.png,5153,
An uplifting surprise on my porch,130475,bwterh,https://i.redd.it/uoc786vvce231.jpg,4217,
"If we are gonna do it, we are gonna do it big: Mei becomes the icon of Hong Kong revolution!",137270,dfdqf8,https://v.redd.it/vml5t85dxgr31,1931,
"Hockey player thinks his penalty is ""bullshit"", until he watches the replay.",134551,cgf1wl,https://gfycat.com/spiffycourteousamericankestrel-sportsarefun,1293,
He did it,145986,d079np,https://i.redd.it/dkfj1vnjhuk31.jpg,1106,
This Five Guys near me has started dumping their old oil on the ground killing plants and probably polluting the nearby protected waterways,129674,bv0tco,https://i.redd.it/mi5x7jefzf131.jpg,6073,
That must have taken a lot of practice!,146917,crscs5,https://v.redd.it/bi7290v7w2h31,1910,
I bought a label maker for this joke,137424,ci6iy0,https://i.redd.it/1h7yhpeqxoc31.jpg,1812,
California-based game company Blizzard bans pro esports player and confiscates his prize money after he voices support for Hong Kong protesters,129864,df1g3g,https://www.businessinsider.com/blizzard-bans-esports-player-blitzchung-supporting-hong-kong-protests-interview-2019-10,7060,
Hong Kong Police pointed gun towards the crowd and beat citizens with batons after their disguise as protestors were blown,130122,dauon5,https://i.redd.it/zxwwjgnp4jp31.jpg,4209,
A Good Firm Handshake should open up doors.,132504,cn51lu,https://i.redd.it/gnbi7m81r0f31.jpg,5598,
Wholesome bump,129481,cfrx2k,https://i.redd.it/l1w1dvsydjb31.jpg,1558,
"I swear, this was just supposed to be a normal Water Bucket fall video",128742,bkpl11,https://v.redd.it/741we5dy99w21,1587,
Protestors point lasers at police to prevent facial recognition from Chinese government,130987,ck539j,https://i.imgur.com/qz3OuJL.gifv,3986,
And so it begins,142067,d7qkv4,https://i.redd.it/rnw18zo5g5o31.jpg,388,
I'm getting nervous,137095,d6u15f,https://i.redd.it/breypv7kqqn31.jpg,1149,
"My dad is retired now and helped with rehabilitating a squirrel he found. The squirrel comes back daily for snacks, pets, and fights.",127560,bm8bx1,https://v.redd.it/dggiwywfy0x21,1894,
Just in case you need it,134563,cphw3w,https://i.redd.it/2ntkfeqgs2g31.jpg,1182,
Osaka Aquarium just stepped up their gift shop game with these fat seal plushies,133133,dgf80e,https://i.redd.it/js0edx9hzwr31.jpg,1349,
Been looking forward to this day for 8 years,127907,c3sjf3,https://i.redd.it/c2owjf4l2y531.jpg,3518,
"[AMA Request] Victoria, ex-AMA mod",126769,3c0iw2,https://www.reddit.com/r/IAmA/comments/3c0iw2/ama_request_victoria_exama_mod/,2810,"**My 6 Questions:**

1. How did you enjoy your time working at Reddit?
2. Were you expecting to be let go?
3. What are you planning to do now?
4. What was your favorite AMA?
5. Would you come back, if possible?
6. Are you planning to take [Campus Society's](http://blog.campussociety.com/an-open-letter-to-victoria-previously-of-reddit-become-victoria-of-campus-society/) Job offer?

**Public Contact Information:** @happysquid is her twitter (Thanks /u/crabjuice23 And /u/edjamakated!) & /u/chooter (Thanks /u/alsadius)


Edit: The votes dropped from 17K+ to 10K+ in a matter of seconds...what?

Edit again: I've lost a total of about 14K votes...Vote fuzzing seems a bit way too much
"
Timelapse of a 2 Million Marchers in a city with a population of 7 Million. That means every 2/7 of the people in Hong Kong are protesting for keeping their rights.,127635,c1ebd0,https://gfycat.com/relievedcornychrysomelid,3341,
‚ÄòSouth Park‚Äô episode banned in China screened on Hong Kong streets,129262,dg1mao,https://globalnews.ca/news/6015306/banned-south-park-episode-hong-kong/,2889,
Hong Kong Protesters Occupy The Airport - All Flights in and out cancelled,127822,cp9tiy,https://i.imgur.com/SvlPM2L.jpg,4835,
"Too hot to play fetch outside, so how about a game of lazy fetch inside?",128579,c8v7cm,https://gfycat.com/fluffyjadedbrocketdeer,606,
I've been training myself how to draw photorealistically for a little while now. Here's my best sampling from each year of progress.,135344,cvsx1h,https://i.redd.it/dnh9ov7miui31.jpg,2342,
Assert dominance,129359,cox2da,https://i.imgur.com/SZVoY0n.gifv,2233,
My wife does planks around the house and I come home to this absolute unit of a son.,130166,d9es06,https://i.redd.it/vczdauzl9vo31.jpg,1260,
*confused screaming*,131339,ccbaae,https://i.redd.it/br2jtl6oqv931.jpg,1211,
Cross stitching on a plane...,128018,d4ss04,https://i.imgur.com/UnoPQR3.jpg,1761,
"Reddit was mad last year when the puppy pool party video I posted was only 15 seconds. It‚Äôs been 365 days, and I present: splash dance 2019, a much longer video.",128352,d1199o,https://v.redd.it/8tk7sqt6f8l31,1757,
'South Park' declares 'F--- the Chinese government' in 300th episode after the show was banned in China,127528,dfy9md,https://www.businessinsider.com/south-park-takes-on-chinese-government-in-300th-episode-2019-10,5234,
"Most people know so little that if they were transported 200 years into the past, they wouldn't be able to invent anything any quicker.",132978,d4yxtq,https://www.reddit.com/r/Showerthoughts/comments/d4yxtq/most_people_know_so_little_that_if_they_were/,6321,
Every morning my wife and I get booped awake,128380,d3zqwu,https://v.redd.it/jyevllgg5hm31,1563,
Jim Carrey deepfake of The Shining,127192,cb0yot,https://i.imgur.com/XlYuTuc.gifv,3243,
A man said he couldn‚Äôt breathe when sleeping so he installed a camera to see why,127353,cghmlc,https://i.redd.it/ru9npjtfnwb31.jpg,1824,
Look at her expression! She is truly treasuring this moment,129475,cehit3,https://i.redd.it/qjme9jozas431.png,638,
You 1.8k people wanted it,133649,d479oj,https://i.redd.it/z0gc9rwi4lm31.jpg,1060,
My friend is trying to clean up Jamaica,125468,c98xdi,https://i.redd.it/vtu1xkdtbd831.jpg,1625,
The look on the faces of world leaders when they realise that trump signed the NAFTA agreement wrong,131952,d7rn4m,https://v.redd.it/8z2nymo4u5o31,4304,
"Men of reddit who don't comment on posts, why don't you?",142998,crbrjt,https://www.reddit.com/r/AskMen/comments/crbrjt/men_of_reddit_who_dont_comment_on_posts_why_dont/,0,"Like, for real, it's fun."
PETITION TO CANCEL EPISODE 6 AND REBOOT THE SHOW FROM THIS VERY INSTANCE WITH 2 FULL SEASONS AND RIGHT PROPER WRITERS,124718,bp1c9m,https://i.redd.it/y7i6xa0r0fy21.jpg,5311,
Grandpa gets a pair of light up shoes,125870,54qjsr,https://imgur.com/iiRzW97.gifv,2247,
"Jon arriving at the Wall for his ""punishment"".",124377,brc7ml,https://i.imgur.com/nhGXgku.gifv,2068,
We are ass br√∂thers,137889,datq96,https://i.redd.it/c8bte6xhlip31.jpg,766,
Just a reminder that people in Hong Kong have been fighting for freedom for months now and they‚Äôre still going stronger than ever.,125266,ddr1t2,https://i.redd.it/1tv18uellrq31.jpg,2112,
did I waste my life,126573,dbfsl0,https://i.redd.it/tzfkndpywrp31.png,577,
My girlfriend and I introduced our cats recently ‚ô•Ô∏è‚ô•Ô∏è‚ô•Ô∏è,127246,dawcul,https://v.redd.it/cbuxltxxtjp31,1775,
*dies inside for about 1 second*,132471,czzi1i,https://i.redd.it/sry2mz21grk31.jpg,796,
How to make your dog's day,128272,59txr0,http://i.imgur.com/oCWt4Wh.gifv,2240,
Bruh moment,129350,ceqprb,https://i.redd.it/u6lll7z3h1b31.jpg,782,
Dog's favorite view,124030,c2purz,https://gfycat.com/joyouspeskycolt,772,
"This little kid playing Smash Ultimate at the airport has no idea that he's playing against MKLeo, the #1 ranked player in the world.",129239,dgorgq,https://i.redd.it/51e1g05qn0s31.jpg,2374,
A wholesome dad,126887,c0kv6e,https://i.redd.it/ro2y6g543c431.jpg,2464,
Long cool woman in a black dress,123446,cuname,https://i.imgur.com/C70exZT.gifv,3709,
This furniture hardware is sorted by step rather than by type.,124746,ctli94,https://i.redd.it/lpwjc6xspuh31.jpg,1492,
TIFU: I have officially branded myself as the biggest perv... and I 100% deserve it...,122916,bpr2iy,https://www.reddit.com/r/tifu/comments/bpr2iy/tifu_i_have_officially_branded_myself_as_the/,16168,"This is his now ex-wife.

Did he not realize, or too dumb to remember we share everything, including the same Reddit app? I logged on to see this throwaway as the default login account.

I‚Äôve removed all of this personal story for my family‚Äôs protection and changed this account‚Äôs password. Although it might be too late and already circulated online.

I took a look through the comments and was seriously disgusted by most of the responses suggesting to sexually approach both of us last night. Which my sister did mention he tried something in the middle of the night, this guy is incredibly living in another world!

I‚Äôm only posting this to reassure everyone thinking he got away with it, that these types of scumbags DO NOT.

I came home yesterday with my sister to pack my shit. I saw his update saying I seemed alright, but I was keeping it in for the next morning.

Reason we slept in the living-room is because I didn‚Äôt want him to see my bags in the corner of the bedroom, he came home suddenly before I finished packing. It wasn‚Äôt ‚Äúfun camping‚Äù or a ‚Äúpicnic‚Äù.

This morning, before he woke-up, we grabbed the rest of my stuff and left.

I went to the bank and froze our joint account before he irresponsibly starts taking cash out.

I‚Äôm not seeing him anymore, going to lawyer up, give away all this Reddit gold to the comments that I feel were actually reasonable, and divorce his ass.

Oh, and if you can read this, I‚Äôve deleted the tracking app ;) my lawyer will call you to unfreeze your share and take the steps to unlink me from any other tracking apps you might have on me.

TL;DR: His life is ruined."
"After reading last night's post-episode discussion thread, I cobbled this together for y'all [GIF]",122184,bipsnh,https://gfycat.com/SentimentalGlamorousCollie,5956,
Hong Kong protesters fighting for their freedom,123578,dged8s,https://i.redd.it/jc0e6bvymwr31.jpg,1614,
One apple a year keeps your wallet empty,128945,d2rm3s,https://i.redd.it/do91pn2cdzl31.jpg,2250,
Compressing hot metal with hydraulic press...,139412,ddkji7,https://v.redd.it/foxliagpnoq31,2180,
Some Michael Bay shit going on right here,129561,5e6j8h,https://media.giphy.com/media/3o6ZtdtckQKDQWAet2/source.gif,2390,
Impeachment Proceedings to be started against Donald Trump,122544,d8s36f,https://www.nytimes.com/2019/09/24/us/politics/democrats-impeachment-trump.html?action=click&module=Spotlight&pgtype=Homepage,11497,
Took some time to find the HD clip of Peter dancing and the original image of The Joker to put this together. Now I shall rest.,129708,czg0om,https://i.redd.it/xe1jvn4d8ik31.jpg,685,
My professor asked me to bring my 7 week old kitten to class. He learned a lot about poetry!,122186,c1wl8r,https://v.redd.it/gpqq8yykz0531,1352,
"There is probably at least one white guy, adopted and raised in China, who speaks English with a Chinese accent and strangers just assume he‚Äôs a total asshole",124466,c0tucx,https://www.reddit.com/r/Showerthoughts/comments/c0tucx/there_is_probably_at_least_one_white_guy_adopted/,2569,
Hey! I'm volunteering in a bear refuge in Croatia and I thought like sharing this photo of a chillaxing lad with you guys.,122377,cdv8qq,https://i.redd.it/1tv1lr2d7na31.jpg,1658,
"""Do something you love, and you'll never work a day in your life""",126588,dire6g,https://i.redd.it/vrq4rhi07ws31.jpg,2037,
Almost had a heart attack coming out of the subway today,122479,czm631,https://i.redd.it/fnv0xk3lflk31.jpg,3166,
Maybe if i become a dog i would be happy too,126533,cg0t5s,https://i.redd.it/72m3vhcdnob31.jpg,532,
Woman realizing the captain of her flight is her Granddaughter,121876,c06pv6,https://i.imgur.com/Imox74B.gifv,1815,
My aunts friends just finalized the adoption of their 2 kids,121525,ccqmnt,https://i.redd.it/6ako0cb7b3a31.jpg,3007,
"‚ÄòMatrix 4‚Äô Officially a Go With Keanu Reeves, Carrie-Anne Moss and Lana Wachowski",121731,ct5aya,https://variety.com/2019/film/news/matrix-4-keanu-reeves-carrie-anne-moss-lana-wachowski-1203307955/,9974,
My blind friend got engaged yesterday....he‚Äôs pretty sure.,123130,d7sm8r,https://i.redd.it/8htb3cvu76o31.jpg,968,
üî• Beluga whale saves an iPhone from the sea in Norway,121288,bl032j,https://v.redd.it/61mk8m0uafw21,2086,
Couple at Woodstock 48 hrs after they met and 50 years later,121449,cqsh18,https://i.redd.it/tchta6fs6ng31.jpg,1953,
Me and my grandpa in medical school 70 years apart (equally sleep deprived),123697,dfwpgh,https://i.redd.it/dlw7bjfy9pr31.jpg,1896,
Our refrigerator has revolving levels so you can reach everything easily,120371,bhcyf0,https://i.redd.it/6nw9wn32sgu21.jpg,2977,
Quite surprised i haven't seen many memes about this.,127446,cs5jnw,https://i.redd.it/fe69axdca9h31.jpg,766,
It was horrible,124323,cxvuqd,https://i.redd.it/yves3izsbsj31.jpg,1795,
I'm going on an adventure,126158,cnzvp4,https://i.redd.it/drp88meu4ef31.jpg,918,
My husbands reaction to our 11 month olds first steps,123113,c18sez,https://v.redd.it/654j4k94bp431,1457,
I'm a quadriplegic and I've been using exoskeleton recently. My physical therapist is holding me up so I don't fall because usually I have a walker in front of me. Just recently walked 826 steps,126962,5pjbt1,https://i.redd.it/klcu5hummbby.jpg,2614,
"Perfectly timed, every time",126528,d1fdme,https://i.redd.it/h2hxutsz5fl31.jpg,675,
A massive eruption on the sun just happened a few moments ago and I was able to capture it from my backyard. At least two Earths could fit in that loop. [OC],121221,cb8lyn,https://i.redd.it/m4xepuiq2d931.png,2472,
My brother was the first to graduate with a Master's in my family. My dad couldn't stop crying. ‚ù§Ô∏è,119716,br3mf0,https://i.redd.it/tfm2fvvjlgz21.jpg,2206,
He still smiles.,128217,cqxsum,https://v.redd.it/02i56vdb3pg31,2622,
Video game nostalgia,122823,d489h5,https://i.redd.it/67mnaevvhlm31.jpg,3353,
President Obama sent me a letter,124240,5ds8h3,https://i.redd.it/d3ckonaykkyx.jpg,5423,
FBI? This tweet right here,128098,d9bj20,https://i.redd.it/6a39gz1iuto31.jpg,2784,
Amtrak Train collides with a track full of snow,136139,5zla9u,http://i.imgur.com/UaFRJgH.gif,4174,
I will remember this speech for the rest of my life,131762,dceatj,https://v.redd.it/9ebxu9nv86q31,5388,
"Couple with Down Syndrome told not to marry, prove critics wrong 25 years later. (RIGHT PICTURES)",119655,cru73p,https://i.redd.it/ljdzn38fo3h31.png,2210,
He sent it back to the chef,118945,d71hs9,https://v.redd.it/f01khd5aitn31,1506,
A college grad took photos with her immigrant parents in the fruit fields where they worked to give her a better life,118864,btouzi,https://i.redd.it/2ey8sltlis031.jpg,3019,
My college used to be a shopping mall,121260,d5mgxj,https://i.redd.it/st1fiitno7n31.jpg,2867,
Thanks Reddit. You saved me from potential credit card theft. Always wiggle the card reader.,125579,5ic7yc,https://i.reddituploads.com/db603e6020eb416f9515d14846c48abb?fit=max&h=1536&w=1536&s=db073ff54cce1240387328693cd2db61,5698,
Trump's approval rating rises to 88%,119172,d2wv63,https://i.redd.it/4ostcn3c31m31.gif,5585,
"Luv you, birb. Luv you back, hooman",119050,cd6zce,https://gfycat.com/tastyoccasionalgalapagossealion,1077,
1 UPVOTE = 1 PET FOR MY WOUNDED BOI,118219,bl6epg,https://i.redd.it/dqi9ph436iw21.jpg,1357,
I don‚Äòt want to hurt them,125285,cninm6,https://i.redd.it/koo2nt5wn6f31.jpg,945,
U.S. President Donald Trump fired the federal government's top lawyer Sally Yates on Monday after she took the extraordinarily rare step of defying the White House and refused to defend new travel restrictions targeting seven Muslim-majority nations.,121532,5r5qx4,http://www.reuters.com/article/us-usa-trump-immigration-idUSKBN15E1DE,16529,
"The ""just adopted"" look that Walter the pup has",118521,cj73ol,https://gfycat.com/imperturbableminorindianrhinoceros,1999,
F in the chat bois,124076,ctvbss,https://i.redd.it/n2u0v2mo5zh31.jpg,4887,
"Me, absolutely wrecked on PS1 by my dad.",118424,ctisqr,https://i.redd.it/yybzbxtdrth31.jpg,2164,
New York City just witnessed an absolutely massive lightning strike completely spanning the Hudson River. I happened to have my camera set up to capture it.,117254,4ulqap,http://i.imgur.com/0atdfDv.jpg,2650,
24-year-old Biochemist wins the Miss Virginia pageant by performing a science experiment onstage as her talent.,117835,c9298d,https://i.imgur.com/zDRag9i.png,3619,
"Moving 400 miles and have been having to travel with my cat, who unexpectedly loves car rides!",118135,c9g6tx,https://i.redd.it/nvfa7z9rph831.jpg,2984,
Though this would brighten up everyone's day who likes popcorn.,119245,desf57,https://i.redd.it/6nukwh49p7r31.gif,808,
Esta bien,125263,dfuj46,https://i.redd.it/e4hhh50a2or31.jpg,1121,
Where did all my money go??,118209,cjbnk9,https://v.redd.it/wqy447ih19d31,6617,
"‚ÄúPlease save your praise. We don‚Äôt want it,‚Äù Swedish Climate Activist Greta Thunberg told the USA Senate Climate Change Task Force. ‚ÄúDon‚Äôt invite us here to tell us how inspiring we are without doing anything about it because it doesn‚Äôt lead to anything.‚Äù",117495,d5vqkd,https://www.thehindu.com/news/international/dont-tell-us-how-inspiring-we-are-take-action-against-climate-change-greta-thunberg-tells-us-congress/article29447037.ece,7316,
My 86yo grandmother and her handmade needle point chair. 25 years in the making and 14 threads per inch. She used to pick up road kill from the side of the road to compare thread colours. She also bought a peacock for colour comparison. I am not allowed to sit in it.,119959,dhwnzz,https://i.redd.it/59ozpps0iks31.jpg,2295,
I‚Äôm hungry now.,121365,d03h9q,https://i.redd.it/esge8po93tk31.jpg,3174,
On 9/11 I like to remind people who make fun of the French of this photo,117282,d2pv2l,https://i.imgur.com/3hIib.jpg,5527,
"I‚Äôm American citizen, undecided voter, loving husband Ken Bone, Welcome to the Bone Zone! AMA",116911,57dw9a,https://www.reddit.com/r/IAmA/comments/57dw9a/im_american_citizen_undecided_voter_loving/,16842,"Hello Reddit,

I‚Äôm just a normal guy, who spends his free time with his hot wife and cat in St. Louis. I didn‚Äôt see any of this coming, it‚Äôs been a crazy week. I want to make something good come out of this moment, so I‚Äôm donating a portion of the proceeds from my Represent T-Shirt campaign to the St. Patrick Center raising money to fight homelessness in St. Louis.

I‚Äôm an open book doing this AMA at my desk at work and excited to answer America‚Äôs question.

Please support the campaign and the fight on homelessness! [Represent.com/bonezone](https://represent.com/bonezone/)

Proof: http://i.imgur.com/GdMsMZ9.jpg

Edit: signing off now, just like my whole experience so far this has been overwhelmingly positive!  Special thanks to my Reddit brethren for sticking up for me when the few negative people attack.  Let's just show that we're better than that by not answering hate with hate.  Maybe do this again in a few weeks when the ride is over if you have questions about returning to normal.

My client will be answering no further questions.

NEW EDIT:  This post is about to be locked, but questions are still coming in.  I made a new AMA to keep this going.  [You can find it here!](https://redd.it/63posi)

"
Hong Kong today is like a War Zone,124757,dbw8eu,https://gfycat.com/blondfakegopher,3473,
i used way too much time on this thing...,116351,bg156o,https://i.redd.it/s6gf6l220tt21.gif,744,
The World Unites on One Thing: No One Wants a Princess Bride Remake,117494,d7uulk,https://www.vanityfair.com/hollywood/2019/09/princess-bride-remake-reactions-twitter,3390,
What did you say to me?,119649,cgbi1l,https://i.redd.it/44bwzu551ub31.jpg,612,
Man outside Texan mosque,120460,5ez00t,http://i.imgur.com/lzdHj1k.jpg,4188,
A year ago I got black-out drunk at a charity bar crawl. My best friend commissioned a painting of his favorite photo of me from that night.,117448,dduqhl,https://i.redd.it/ougrh5zcysq31.jpg,1202,
"A brilliant way to deal with ""influencers""",116181,bjx5wl,https://i.redd.it/qtzp7r4eutv21.png,1892,
This is just to awesome,122766,dcnw1a,https://i.redd.it/1trnc0icbaq31.jpg,577,
I heard some noise on the roof this morning,121384,cwipau,https://i.redd.it/d7kjkrt3y5j31.jpg,3343,
Murdered by numbers?,120294,cm9b2a,https://i.imgur.com/1oPQcqy.jpg,4412,
Selfie with the crew,123112,5oaq86,http://imgur.com/6R6HJ3k.jpg,1198,
I love you 3000 mom and dad,120327,clgbq6,https://i.redd.it/gzdjcuaix6e31.jpg,1095,
I hope people are also up at 3 AM,119941,c9rxsu,https://i.redd.it/5j4hktdqon831.jpg,534,
No one's safe from Mr. Steal Yo Girl!,124545,5u7jv7,https://i.reddituploads.com/9e95de3143c64d8ba56369f4edd19bd9?fit=max&h=1536&w=1536&s=b01c52d233512c6fcd16c0c8ceaa7384,5888,
The loyalty levels are strong.,120581,cycuf2,https://i.redd.it/3a04en2zn0k31.jpg,1025,
The trash can.,116377,d7envu,https://i.redd.it/yyi69yb5wzn31.png,557,
Lens flare in this photo looks like Eric Cartman,124981,5q63i1,http://imgur.com/ODhuRHp,921,
Told my wife I was sending her an erotic video.,115587,ch31gv,https://v.redd.it/58tdqdlxb6c31,3185,
Benefits of Public Transport,114941,clx25f,https://i.redd.it/sh1697kd2ge31.jpg,6309,
There was an angle I didn't get to see when ordering my new work boots...,119633,5mzgvv,http://imgur.com/6RR0jLT,5020,
My grandfather making a remark on how few ribbons I have.,115683,d9yj2w,https://i.redd.it/m2cry0bo74p31.jpg,2579,
He wanted to ask her to the prom,122575,cldu0z,https://v.redd.it/cz6ad36ng5e31,5025,
"i'm looking at you, 30 people",118800,cowecx,https://i.redd.it/kg85coh6htf31.jpg,650,
Support the developers,122024,ddqh9h,https://i.redd.it/2cbcb1ujerq31.jpg,718,
"These 3 Jewish men arrived in Auschwitz on the same day, & were tattooed 10 numbers apart. 73 years later, @sandibachom photographed them meeting for the first time for the Last Eyewitness Project, as free men who survived to build families and prosperous lives.",114273,bliu08,https://i.redd.it/ci78dzvy5ow21.jpg,3152,
100 drones giving a light show,127868,dbjx48,https://v.redd.it/33ujsp11btp31,2625,
Y'all ready?,118549,clmjd5,https://i.redd.it/rlgpu1n19ae31.jpg,829,
The Stranger Things S1 Blu Ray has an unskippable ad for S2 that contains S1 spoilers. And the ad is over 5 minutes long.,118626,crqx8r,https://v.redd.it/qka278f9b2h31,3825,
It's a bit breezy out there today,126150,5yhipb,https://i.imgur.com/vfkVr5a.gifv,2274,
I hear Reddit likes seeing paraplegics defy the odds...,123051,5u468m,http://i.imgur.com/FXsiPXs.jpg,2803,
"Hong Kong press wears helmets, eye masks and reflective vests to express discontent towards local police's actions.",113998,c04kye,https://i.redd.it/fryann6zy3431.jpg,2009,
It really do be like that,121045,d8c8iw,https://i.redd.it/w3ymk48djeo31.jpg,573,
An Open Letter to the Reddit Community,115839,5r43td,https://www.reddit.com/r/blog/comments/5r43td/an_open_letter_to_the_reddit_community/,30759,"After two weeks abroad, I was looking forward to returning to the U.S. this weekend, but as I got off the plane at LAX on Sunday, I wasn't sure what country I was coming back to.

President Trump‚Äôs recent executive order is not only potentially unconstitutional, but deeply un-American. We are a nation of immigrants, after all. In the tech world, we often talk about a startup‚Äôs ‚Äúunfair advantage‚Äù that allows it to beat competitors. Welcoming immigrants and refugees has been our country's unfair advantage, and coming from an immigrant family has been mine as an entrepreneur.

As many of you know, I am the son of an undocumented immigrant from Germany and the great grandson of refugees who fled the Armenian Genocide.

A little over a century ago, a Turkish soldier decided my great grandfather was too young to kill after cutting down his parents in front of him; instead of turning the sword on the boy, the soldier sent him to an orphanage. Many Armenians, including my great grandmother, found sanctuary in Aleppo, Syria‚Äîbefore the two reconnected and found their way to Ellis Island. Thankfully they weren't retained, rather they found this message:

*‚ÄúGive me your tired, your poor, your huddled masses yearning to breathe free, the wretched refuse of your teeming shore. Send these, the homeless, tempest-tossed to me, I lift my lamp beside the golden door!‚Äù*

My great grandfather didn‚Äôt speak much English, but he worked hard, and was able to get a job at Endicott-Johnson Shoe Company in Binghamton, NY. That was his family's golden door. And though he and my great grandmother had four children, all born in the U.S., immigration continued to reshape their family, generation after generation. The one son they had‚Äîmy grandfather [(here‚Äôs his AMA)](https://www.reddit.com/r/IAmA/comments/29039l/iam_john_ohanian_92_year_old_lawyer_parttime/)‚Äîvolunteered to serve in the Second World War and married a French-Armenian immigrant. And my mother, a native of Hamburg, Germany, decided to leave her friends, family, and education behind after falling in love with my father, who was born in San Francisco.

She got a student visa, came to the U.S. and then worked as an au pair, uprooting her entire life for love in a foreign land. She overstayed her visa. She should have left, but she didn't. After she and my father married, she received a green card, which she kept for over a decade until she became a citizen. I grew up speaking German, but she insisted I focus on my English in order to be successful. She eventually got her citizenship and I‚Äôll never forget her swearing in ceremony.

If you‚Äôve never seen people taking the pledge of allegiance for the first time as U.S. Citizens, it will move you: a room full of people who can really appreciate what I was lucky enough to grow up with, simply by being born in Brooklyn. It thrills me to write reference letters for enterprising founders who are looking to get visas to start their companies here, to create value and jobs for these United States.

My forebears were brave refugees who found a home in this country. I‚Äôve always been proud to live in a country that said yes to these shell-shocked immigrants from a strange land, that created a path for a woman who wanted only to work hard and start a family here. 

Without them, there‚Äôs no me, and there‚Äôs no Reddit. We are Americans. Let‚Äôs not forget that we‚Äôve thrived as a nation because we‚Äôve been a beacon for the courageous‚Äîthe tired, the poor, the tempest-tossed.

Right now, Lady Liberty‚Äôs lamp is dimming, which is why it's more important than ever that we speak out and show up to support all those for whom it shines‚Äîpast, present, and future. I ask you to do this however you see fit, whether it's calling your representative (this works, it's how we defeated SOPA + PIPA), marching in protest, [donating to the ACLU](https://action.aclu.org/secure/donate-to-aclu), or voting, of course, and not just for Presidential elections.

Our platform, like our country, thrives the more people and communities we have within it. Reddit, Inc. will continue to welcome all citizens of the world to our digital community and our office.

‚ÄîAlexis

**And for all of you American redditors who are immigrants, children of immigrants, or children‚Äôs children of immigrants, we invite you to share your family‚Äôs story in the comments.**"
C‚Äômon Disney!,117775,ctjx8s,https://i.redd.it/g00xl1lm5uh31.jpg,1797,
Jim Henson didn't know the little girl was going to interrupt him during the ABC song,117121,dfuqnc,https://v.redd.it/d9rmsy7x6or31,1987,
Everitime,121636,dca45l,https://i.redd.it/9jkzlvt8p4q31.jpg,956,
Do you wanna see a magic trick?,116968,ctvbsu,https://i.redd.it/w27z2hqo5zh31.jpg,1860,
3am jokes be like,118460,cj3x5o,https://i.redd.it/7qlo9tja25d31.jpg,809,
My black cat looks like my white cat‚Äôs shadow,115719,d3f8dg,https://i.redd.it/rmlxk7q2k8m31.jpg,870,
Protester shot in chest by live police round during Hong Kong National Day protests,114213,dbqgb0,https://www.scmp.com/news/hong-kong/politics/article/3031044/chaos-expected-across-hong-kong-anti-government-protesters,5183,
Sad but true,117833,cq2irf,https://i.redd.it/tj5ybakeebg31.jpg,2109,
These guys know how to have fun.,113934,c6srf3,https://i.redd.it/tcdfllzu87731.gif,1918,
Make me proud,116549,cc8aij,https://i.redd.it/poqqkegj5u931.png,949,
Red Bull sided with Hong Kong,114977,dfma0w,https://i.imgur.com/r27jQuW.gifv,1811,
Everyone loves Elon-san,115013,bxdjku,https://i.redd.it/0wtkrro3no231.jpg,725,
Wholesome weather guy,118176,d0060u,https://i.imgur.com/LX7CCEN.jpg,270,
Even in a hurricane nobody pays for this expensive water,113809,cxkzul,https://i.redd.it/rzb17yaqrmj31.jpg,3890,
(44M) About to have quintuple heart bypass surgery due to hereditary issues in less than an hour. Scared as hell. Wish me luck.,113753,d5v3mu,https://i.redd.it/mwu94de3kbn31.jpg,3414,
it was time for thomas to leave. he had seen everything.,118335,d18qgz,https://i.redd.it/il70jrjk7cl31.png,405,
Dude who started dancing deserves a Nobel Peace Award,126155,d0p5ep,https://v.redd.it/u13zwzoah2l31,1442,
the madlads are actually doing it,115308,d437vw,https://i.redd.it/fenhbs1g7jm31.png,1111,
Here you go comrades,117868,cr3kl9,https://i.redd.it/lw3faag5wrg31.jpg,617,
Reddit wins again,117047,cwy4w5,https://i.redd.it/slllbiuqocj31.jpg,1226,
Nice going Amazon,116202,ci4mbd,https://i.redd.it/yqjpg7go6oc31.png,413,
"TIL about Marion Stokes, a Philadelphia woman who began taping whatever was on television in 1979 and didn't stop until her death in 2012.. The 71,000 VHS and Betamax tapes she made are the most complete collection preserving this era of TV. They are being digitized by the Internet Archive.",113584,cw432a,https://www.atlasobscura.com/articles/marion-stokes-television-news-archive,2798,
Might have taken the best/luckiest picture on my cell phone I'll ever take last night.,112184,4xd8fh,https://i.reddituploads.com/d9a27cea92234a14936fb9ea9626be01?fit=max&h=1536&w=1536&s=efea3da7d80e001b2455ed4a9090b9ea,1616,
This bee photobombed my picture and ended up in perfect focus.,113999,csiej2,https://i.redd.it/3v7e5ea99fh31.jpg,1662,
"This is former Acting Attorney General Sally Yates, a woman who has prosecuted terrorists, fought public corruption, and who loves her country",115592,5r5kz9,https://i.redd.it/jnmnqlcbpycy.jpg,2141,
"""Taking a picture of me???"" - Woman changing her baby's dirty diaper on top of an Old Navy clothing display",117478,cg06cf,https://i.redd.it/suuv2h43dob31.jpg,3375,
I wish i could get one too,114707,ccop8z,https://i.redd.it/fec4b1gvb2a31.jpg,727,
"My kid said her one birthday wish was to wake up to some balloons. The door to her room is on the other side, waiting to be opened.",112451,cuuorc,https://i.redd.it/xwr84j17zei31.jpg,1352,
Smooth one bartender,124170,d7g6by,https://gfycat.com/unhealthygrossblueshark,421,
Hey can I get an F in the chat for myself.,117105,c4m1a1,https://i.redd.it/wwmuybpvha631.jpg,5716,
Rick Astley - Never Gonna Give You Up sped up every time he says Never,116617,5gafop,https://youtu.be/dQw4w9WgXcQ,5747,
Night before a day off is more satisfying than the actual day off.,114490,c79pyg,https://www.reddit.com/r/Showerthoughts/comments/c79pyg/night_before_a_day_off_is_more_satisfying_than/,1213,
"TIL that in 1998 Sony had the chance to buy the rights to almost every Marvel character for 25 million. They opted to only buy the rights to Spider-Man for just 7 million, stating, ""Nobody gives a shit about the other Marvel characters.""",111480,bhpju6,https://www.cinemablend.com/news/2312272/why-sony-only-bought-the-rights-to-spider-man-from-marvel,4771,
"13 mile hike to celebrate one year of sobriety! I stopped doing AA, so I won‚Äôt get a token. Here‚Äôs me with a pine cone instead",111940,d9o6s6,https://i.redd.it/41fpvtyykzo31.jpg,2733,
Here we go agn,114923,ctd5mk,https://i.redd.it/ttztwycy2rh31.jpg,782,
"NYC from an airplane, tonight",111438,d30jil,https://i.redd.it/utaimsaaf2m31.jpg,1446,
maybe she won't notice,113522,ce9ckp,https://i.redd.it/brufv00xata31.jpg,732,
Safe web use class if you're wondering,116317,d7rbo0,https://i.redd.it/4b9jgghvq5o31.jpg,1754,
"Shots fired, two men down",114410,cmm85m,https://i.redd.it/bzcnykvkfre31.jpg,13446,
This is incredibly terrifying,123691,dfwzqk,https://i.redd.it/d7obhf4nepr31.jpg,1454,
*Dramatic music plays*,114158,d2ndn9,https://i.redd.it/bn5oj9xxnxl31.jpg,520,
Scaling up a pen,113838,cy7fbx,https://gfycat.com/giganticagedfishingcat,2117,
not today sir,114626,d0uc6p,https://i.redd.it/evawd4sae5l31.jpg,516,
Dude chilling out in a stream,120030,deagnb,https://gfycat.com/dependentsizzlingaurochs,1392,
Hal & Lois reunited tonight,110388,bn7lys,https://i.redd.it/j72pgzec5ix21.jpg,2405,
Shadow of a Millipede walking.,112555,ctw4by,https://gfycat.com/satisfiedunsteadyamericanbobtail,1727,
Dutch King shows a video to the Dutch Prime Minister during Trump‚Äôs speech,118876,d9a7en,https://v.redd.it/0i56e6bwato31,2386,
"Today, Steve Irwin would have turned 55. Happy Birthday mate.",115963,5vfjwe,https://i.redd.it/rqr4trd25bhy.jpg,2148,
Breaking News,116361,5r5lmf,https://i.redd.it/xae65ypfqycy.jpg,1946,
The 2010's decade will be over in 4 months. What do you think people will remember this decade for?,113253,d0jjc2,https://www.reddit.com/r/AskReddit/comments/d0jjc2/the_2010s_decade_will_be_over_in_4_months_what_do/,23685,
"Goodbye, monster",117394,cqsdt9,https://i.redd.it/1g4b8x1l5ng31.jpg,4032,
"TIL Carrie Fisher told her fans: ""No matter how I go, I want it reported that I drowned in moonlight, strangled by my own bra.‚Äù",113343,5kl75n,https://www.goodreads.com/work/quotes/5026857-wishful-drinking,1888,
2meirl4meirl,116060,cwynmh,https://i.redd.it/288qw1w60dj31.jpg,1524,
Big cats are just big cats,111308,de251y,https://v.redd.it/9f185snkqwq31,933,
Never gonna give you up,113557,d8a8yd,https://i.redd.it/6su9a24avdo31.jpg,903,
Keeping the tradition alive ‚ù§Ô∏è,111597,ce4yfd,https://i.redd.it/124t78ag4ra31.jpg,585,
Life is full of surprises,111727,c6z66a,https://i.redd.it/ogksdd0zva731.jpg,638,
Buzz Aldrin‚Äôs reaction to Trumps space talk.,116708,d00fl8,https://v.redd.it/hovwsm0uvrk31,3351,
This photo of Will Smith bungee jumping looks like Uncle Phil.,118152,5z9dfc,http://i.imgur.com/C3YuR58.jpg,1839,
"Peter Mayhew, actor of Chewbacca from 'Star Wars', has passed away",109241,bk14av,https://www.fanthatracks.com/news/film-music-tv/rest-in-peace-peter-mayhew-1944-2019/,1948,
Find a different career.,115929,dc32xb,https://i.redd.it/31o5b7fi21q31.jpg,3627,
Freefolks ! You made it !!,109456,but28k,https://v.redd.it/jo12270nmc131,3692,
some gourmet shit,113236,cxjr64,https://gfycat.com/liquidbossyargali,730,
I bought a beer cozy that looks like a ballistic vest and it fits on my dog,109059,4zq6bw,http://imgur.com/H37kxPH,2304,
Florida man on patrol,111925,ch8lth,https://i.redd.it/izgndpafd9c31.jpg,768,
Camera shutter speed synced to helicopter`s rotor,121777,5xcx63,http://i.imgur.com/k1i5See.gifv,2439,
Robin Williams dead at 63,108949,2da3m3,http://www.nbcbayarea.com/news/local/Marin-County-Sheriffs-Office-Investigating-Death-of-Actor-Robin-Williams-270820641.html,12736,
69 nice,112288,clirjl,https://i.redd.it/s4ehlfj6k8e31.jpg,1066,
"Annoyed by loud music, man uses drone to hit neighbors with fireworks",117366,cdjh0n,https://gfycat.com/exaltedbonyalligator,4823,
He's got a bright future,110797,c55oxy,https://i.imgur.com/m7oaT8B.jpg,682,
eViL cOmPaNiEs,112631,cpbl00,https://i.redd.it/3yd2bj3ff0g31.jpg,871,
Latest from Boston Dynamics,116002,d8qf8d,https://gfycat.com/prestigiouswhiteicelandicsheepdog,5240,
These best friends got the same haircut to trick their teacher so she wouldn't be able to tell them apart.,123264,5wzsuw,https://i.redd.it/v1bxmg3oyviy.jpg,3905,
The winning sand sculpture of 2019‚Äôs Texas Sand Sculpture Festival,108768,blaabg,https://i.redd.it/km8af9vufkw21.jpg,2126,
My grandparents clock measures time on a one week scale instead of a 12 hour one,109987,cs6mau,https://imgur.com/kSekpoY,1540,
wholesome co-workers,111755,co40y7,https://i.redd.it/8qdxlyz70gf31.jpg,1426,
One of the most badass photos ever taken,108533,bgtnbb,https://i.redd.it/lgsm8oeja7u21.jpg,2525,
He has come for us,112165,d7aror,https://i.redd.it/4z0niji9dyn31.jpg,404,
Superstar German DJ ‚Äòpermanently banned‚Äô from China for liking a ‚ÄòSouth Park‚Äô tweet,109465,dgu6vi,https://www.cnbc.com/2019/10/12/dj-zedd-banned-in-china-for-liking-a-south-park-tweet.html,4191,
Eliud Kipchoge made history today by becoming the first person to run a marathon in under two hours,109826,dgu3mb,https://i.imgur.com/J3I5RNs.gifv,3969,
Not my last complain,112180,dgxla4,https://i.redd.it/sx42hkf135s31.jpg,1366,
Thank you Pisa Tower,111164,d19ams,https://i.redd.it/jya1x1erkcl31.jpg,516,
Long eyelashes on a windy boat ride,110509,dheavs,https://i.imgur.com/oSCiPm9.gifv,1580,
"Deep inside him, he was a good guy",115095,dfysg0,https://i.redd.it/r8shuzci4qr31.jpg,1129,
Yes my son,111465,cw1m1d,https://i.redd.it/to7l6siyeyi31.jpg,773,
What a genius,111130,cucjx1,https://i.redd.it/cni22x7go6i31.jpg,405,
"Now sit your ass down, Stefan.",115995,dgzfqt,https://i.redd.it/1c6zxtcis5s31.jpg,3702,
Video games good media bad,110821,cn5kpv,https://i.redd.it/myd8zexoz0f31.jpg,681,
spread it,117758,dfvs6y,https://i.redd.it/2oivu7t3tor31.jpg,1272,
2meirl4meirl,112920,cnox1a,https://i.redd.it/lpe4okhpe9f31.jpg,2616,
I found an old pic of me playing computer games. As it turns out I haven't changed very much.,108128,ctf4d7,https://i.redd.it/vq66e81z7sh31.jpg,2106,
That generation just doesn't have their priorities straight.,112143,dcobk1,https://i.redd.it/4p4hwrd6laq31.jpg,4186,
"After a 10 yr custody battle, today I gained full rights. For the guys going through the same process; don‚Äôt lose hope and never quit fighting.",108149,d0nj1g,https://i.redd.it/25t74f49t1l31.jpg,3147,
"Scientists believe that the function of zebras' stripes are to deter insects, so a team of researchers painted black and white stripes on cows. They found that it reduced the number of biting flies landing on the cows by more than 50%.",109320,dei73a,https://www.realclearscience.com/quick_and_clear_science/2019/10/07/painting_zebra_stripes_on_cows_wards_off_biting_flies.html,2053,
Displaying different material used in real time,112969,d3n9rc,https://gfycat.com/belovedfarawaybirdofparadise,983,
Microsoft flight simulator 2020! This looks awesome,110543,dhn9k1,https://i.redd.it/0r9ggwtzmgs31.jpg,4879,
Ecosia does the same thing as Bing btw,112230,dayp46,https://i.redd.it/l9t625r5okp31.jpg,726,
Supreme Court legalizes gay marriage,107600,3b6zln,http://www.washingtonpost.com/politics/gay-marriage-and-other-major-rulings-at-the-supreme-court/2015/06/25/ef75a120-1b6d-11e5-bd7f-4611a60dd8e5_story.html?tid=sm_tw,16670,
Taxes,111014,cdo065,https://i.redd.it/fj6w4ypxfja31.jpg,2452,
How Hong Kong protestors deal with tear gas,109281,cj3epd,https://i.imgur.com/yFTGjhk.gifv,3276,
Comedy Genius.,113981,de3erg,https://i.redd.it/dzaofvjtcxq31.png,995,
I for one welcome our new Chinese Overwatch...,110657,df53dn,https://i.imgur.com/zxzCWLm.gifv,1182,
Can I be his friend?!,108689,bx2t86,https://i.redd.it/p28t4bzkmj231.jpg,1792,
Officer pulling out his gun on a student outside his dorm,115249,cijav8,https://v.redd.it/mgb0l741evc31,12063,
Wise advice!,111921,d281cp,https://i.redd.it/273w9civxrl31.jpg,1072,
Pretty Please,109477,d4zhxf,https://i.redd.it/vg4he9hm1ym31.jpg,696,
I wish I was as happy as this guy in traffic,114711,5oizyj,http://i.imgur.com/ZKSDeC7.gifv,3692,
This keypad randomizes the numbers every time so someone doesn't figure out the password from your hand movements,107518,bsx4ww,https://i.redd.it/b2e47h3l7e031.jpg,1815,
EA giving away its crown.,112763,dffakq,https://i.redd.it/65mf522bwhr31.jpg,2688,
Every time,114131,dhp475,https://i.redd.it/30wutobuphs31.jpg,820,
"Biting your tongue while eating is a perfect example of how you can still screw up, even with decades of experience.",110975,d8d0gc,https://www.reddit.com/r/Showerthoughts/comments/d8d0gc/biting_your_tongue_while_eating_is_a_perfect/,974,
F. For my boy,108706,ccf1fc,https://i.redd.it/xibiumip6x931.jpg,916,
"DHL delivery guy hides delivery behind the pillar, and then on noticing the other package he decides to hide that too.",111788,ct4hqw,https://i.imgur.com/LfmJb6Q.gifv,1262,
"Picture of Kwame Ajamu being told he is a free man by a judge, after being falsely imprisoned for 27 years.",107030,bw9j3k,https://i.redd.it/5gds99yhl4231.jpg,3172,
True,106939,bh9do9,https://i.redd.it/ktrrxp969fu21.jpg,3148,
My dad spent a week in a hospital for a heart attack and this is what we owe,112780,db2uun,https://i.redd.it/ro1m0zlk8mp31.jpg,8771,
This guy wants all the cake.,112261,d1iu7t,https://i.redd.it/fxri5v1xhgl31.jpg,978,
Dwayne Johnson marries long-term girlfriend Lauren in surprise Hawaiian wedding after 12 years together,106825,csjn4t,https://i.redd.it/vrv0jsd4pfh31.jpg,2626,
Avengers got it all wrong,108507,cdedff,https://i.redd.it/jz6b2vwl5fa31.jpg,1148,
isn't it ‚ô•Ô∏è,108199,d6xuko,https://i.redd.it/c9fga9216sn31.jpg,443,
"A biotech startup has managed to 3-D print fake rhino horns that carry the same genetic fingerprint as the actual horn. The company plans to flood Chinese rhino horn market at one-eighth of the price of the original, undercutting the price poachers can get and forcing them out eventually.",106048,3aitv7,http://www.digitaljournal.com/news/environment/biotech-firm-creates-fake-rhino-horn-to-help-save-real-rhinos/article/436325,3795,
"Aerial view of Protests in Hong Kong in July. Three months on, Hong Kong is still protesting",106627,de49m2,https://i.redd.it/8r3zhugtpxq31.jpg,1897,
‚ÄúIt‚Äôs up to you‚Äù,108078,cjstzl,https://i.redd.it/i0qdjsl7fgd31.jpg,949,
We couldn't decide on dinner.,107302,dbiy09,https://i.redd.it/7ryj2hvcysp31.jpg,2877,
1 day left lads . May the Gods be with you,107872,d6anoe,https://i.redd.it/4agu590h7in31.jpg,788,
Thermometers are speedometers for atoms,108068,cb0tv9,https://www.reddit.com/r/Showerthoughts/comments/cb0tv9/thermometers_are_speedometers_for_atoms/,929,
Overwatch hero Mei is becoming a Hong Kong protest symbol - Polygon,108530,dfizf2,https://www.polygon.com/2019/10/9/20906320/overwatch-mei-blizzard-hong-kong-protest-banned-memes,2958,
Pichu has left the chat,109645,dcbuay,https://i.redd.it/003tr401d5q31.jpg,505,
First poster for ‚ÄòWonder Woman 1984‚Äô,106161,bx6f20,https://i.redd.it/u3psg8oj5l231.jpg,4890,
Props to him honestly,107832,cows30,https://i.redd.it/lg9cqb14otf31.png,1553,
"Reddit ruled today, so I arted it.",108248,d74g3m,https://i.redd.it/7179zac4sun31.jpg,896,
"We give rude elderly people the benefit of the doubt because they've been through a lot, but there's a decent chance that old person has been an asshole their whole life.",108960,d91xzy,https://www.reddit.com/r/Showerthoughts/comments/d91xzy/we_give_rude_elderly_people_the_benefit_of_the/,2235,
Ummm...,107684,c69szm,https://i.redd.it/betnmdvz9y631.jpg,880,
neighbor,105604,bo74mg,https://66.media.tumblr.com/6e43ba63444b0531fe6b0d910e201f40/tumblr_prej0pHIEb1uacv0ho1_540.jpg,407,
My grandparents have a glassed-over well in their kitchen,106516,co7xcu,https://i.redd.it/0se910xvehf31.jpg,2112,
They bid too much,107742,cwjygj,https://i.redd.it/ag1z8mnbl6j31.png,457,
hold up,106446,bur24d,https://i.redd.it/f1mbmhlzgb131.jpg,466,
I am proud because I just became a US citizen. I just wanted to celebrate with my loyal little friend whom I found at my patio six months ago. She made me be a cat lover. She will get raw fish for the first time today.,105527,d65o6k,https://i.redd.it/wrs4ssykvfn31.jpg,2737,
My boyfriend told me he didn‚Äôt care what shoes I wore shopping,108449,d8nx5c,https://v.redd.it/xx4cp20fxjo31,1670,
She ruined lives,107193,d369vn,https://i.redd.it/knp6m5p4b5m31.jpg,560,
On my way!,108140,d9bhj7,https://i.redd.it/dmx7o7awtto31.jpg,533,
Instagram Refugee detected,106895,cjf1m5,https://i.redd.it/kooq6c4baad31.jpg,1884,
Perfect paper airplane setup,113255,5v6jrn,https://i.imgur.com/WG1w4Ff.gifv,1326,
Passive aggressive fridges out here making life annoying,106746,cfk066,https://i.redd.it/q4di9ae7hfb31.png,636,
"Smoking kills you, but the actual ‚Äúact‚Äù of smoking is a very healthy practice - leave a stressful environment, go outside for five minutes and take deep breaths.",106943,cgk4zg,https://www.reddit.com/r/Showerthoughts/comments/cgk4zg/smoking_kills_you_but_the_actual_act_of_smoking/,2513,
"104 year old holocaust survivor, Shoshana Ovitz, requested that all her children, grandchildren and descendants will gather at the Western Wall for a picture. this is the picture.",105155,cnab00,https://i.redd.it/0txujk23u2f31.jpg,3667,
"In light of recents news that Iranians will be restricted from entering the US, I repost this image of an Iranian runner finishing a marathon with a US flag, since Americans were not allowed to race.",108955,5qq4kl,https://i.reddituploads.com/da49351844dd42e2b6808baec1e047dc?fit=max&h=1536&w=1536&s=7899c56c53ac2bc37ce041ae28fdb667,5296,
"If you love something, set it free..",105205,cueb72,https://v.redd.it/o9ce2677g7i31,1331,
YES!,106573,c7iivh,https://i.redd.it/gnrbkgh7qj731.jpg,848,
This purely golden bee landed on my car today,105434,c43699,https://imgur.com/LwSe0oy.jpg,1380,
This took fourteen million six hundred and five tries,107190,cxn0n5,https://i.redd.it/07tvbtc7jnj31.gif,809,
wall-e is a great movie.,105803,byjxxn,https://i.redd.it/a6grq0b9wb331.jpg,449,
Pup does a prank,104595,cfm86s,https://i.imgur.com/t9snsUJ.gifv,785,
I can feel it,106243,cyu0z3,https://i.redd.it/g1pguchjj8k31.jpg,730,
RDR2 is such a beautiful game...,105423,dctvok,https://gfycat.com/sardonicmindlesskitten,1550,
An effortless genocide,107076,clj82h,https://i.redd.it/ui2znh7ms8e31.jpg,3100,
This pic of an ending day.,109999,d2zua3,https://i.redd.it/ihyqeznm52m31.jpg,632,
Hong Kong police are spraying protesters with blue-dye water cannons to mark them for arrest later,104431,cxwxao,https://www.insider.com/hong-kong-police-fire-blue-dye-water-cannons-2019-8,5793,
"Goddess of Democracy, Me, Digital, 2019",109665,cyppjo,https://i.redd.it/jjgokhvhy6k31.jpg,839,
Seriously though,106190,d7k1sh,https://i.redd.it/orgotko6w1o31.jpg,1139,
"2 Kyles, 1 Vape",111920,d6x0iy,https://v.redd.it/3v44myw3vrn31,796,
Jennifer Aniston‚Äôs first Instagram post has the photo quality of 1999.,106361,di9421,https://i.redd.it/py5fe6szyps31.jpg,2493,
"Got divorced, lost my job, so me and my buddy got on our motorcycles and rode North to the Alaskan Arctic until the road ran out.",103867,2gejnr,http://imgur.com/a/J7kZJ,4438,
Save the doggos!,105112,c9j827,https://i.redd.it/s14p999f0j831.jpg,1126,
R/meirl,105255,cg3463,https://i.redd.it/0rs2vu4ompb31.jpg,1402,
TIFU by swiping on my girlfriend‚Äôs phone NSFW,104434,bo6nut,https://www.reddit.com/r/tifu/comments/bo6nut/tifu_by_swiping_on_my_girlfriends_phone_nsfw/,12461,"So this happened a few days ago and I‚Äôm still not sure I‚Äôm 100% ready to tell the story but here goes.

I‚Äôve been with my girlfriend for about a year and I already know she is the love of my life. She‚Äôs perfect for me. We‚Äôre perfect for eachother. We‚Äôre getting ready to move in with eachother and I want nothing more than to start a family with her and spend the rest of my life with her.

We went on a short vacation last week and when we returned she gave me her phone to look at some photos from the trip. 

She went to the bathroom while I had her phone, and as I was scrolling through the pictures it kind of jumped to a period that was about a year and a half ago. If you have an iPhone you know what I‚Äôm talking about, you scroll a little bit too fast and all of a sudden you‚Äôre back at the start of the photo album. It‚Äôs annoying as hell.

But some photos caught my eye. Some photos that I really shouldn‚Äôt be seeing, of her and a previous boyfriend.

There she is, the love of my life, TRYING to get her mouth around the biggest dick I‚Äôve ever seen in my life. I‚Äôve watched porn - a lot. I‚Äôve never seen a dick like this. I‚Äôm talking bigger than 2 coke cans stacked on top of eachother. Longer and thicker. As far as I could tell she was unable to get her teeth around it.

I could see another thumbnail of her comparing the size of his dick to her forearm with a look of wonder and glee on her face.

I closed the pictures and I‚Äôve acted like nothing has happened, but I cannot get these images out of my mind. I‚Äôve never been self-conscious about my dick size - in fact if you believe the stats I‚Äôm significantly above average, but this has destroyed my self esteem.

We haven‚Äôt had sex since. I can‚Äôt concentrate on my work. I just wish I had never seen those damn pictures.

TL;DR accidentally saw some pictures of the love of my life sucking the biggest dick on earth and my stupid male ego is destroyed

UPDATE: There‚Äôs a lot of people assuming that this was a one-night-stand. It wasn‚Äôt. She was with this guy for 3 years."
Much better...,104715,ddbp74,https://i.redd.it/ubk4yxyqmkq31.jpg,1324,
Surprise Seth!,106180,derpz8,https://i.redd.it/cm49qfmwe7r31.jpg,277,
When the skyrim meme die after 2 years,110432,diubcr,https://i.redd.it/wmfijph0fys31.jpg,779,
Yellow tape around her body it's a fucking homicide,107220,d025un,https://i.redd.it/4jx6w6shlsk31.png,4686,
Explain this to a kid,105088,d7cqly,https://i.redd.it/cgb8jttk5zn31.jpg,803,
"I work at a small coffee shop. My boss just absent-mindedly poured unroasted beans into a batch of roasted ones. Here's us separating 10,000 beans...by hand.",106987,d50fs9,https://i.redd.it/f6pk4hb9gym31.jpg,2828,
me_irl,109323,5meh0q,https://i.reddituploads.com/bfbc49c81c3346459cf028e24ed30aec?fit=max&h=1536&w=1536&s=ab1d053300aaf4493df04e467bee59b8,1101,
We are rooting for you!,106942,cya1id,https://i.redd.it/sus4xne8kzj31.jpg,590,
is it weird?,105088,d7nxd0,https://i.redd.it/any5sj7n04o31.png,422,
Hong Kong protesters - ‚ÄúWe are Fighting for the Future of Our Home‚Äù,103494,cphqlo,https://ichef.bbci.co.uk/news/660/cpsprodpb/8A7F/production/_108255453_tv055754582.jpg,2396,
"Toppling ""dominoes""",109813,d44pcs,https://v.redd.it/iq4sfcs82km31,1720,
This is a picture I Personally took. This is how I personally remember our Allies. The Kurds had our back 101%,104087,dgnh6n,https://i.redd.it/29j9daly20s31.jpg,4073,
high iq meme here,104592,cit02f,https://i.redd.it/9fjrtzx5xzc31.jpg,1405,
R.I.P Kendrick,103991,bw2e72,https://i.redd.it/zw2p0geve0231.jpg,1697,
Remodeling the kitchen and pulled the microwave off the wall. He never gave up hope.,110556,5tabon,http://i.imgur.com/M3NOzLC.jpg,1315,
time to overthrow the oligarchs,103972,cc0fmx,https://i.redd.it/4qo9racybq931.jpg,3259,
Trudeau didn't get pulled in.,108362,5tu88n,https://i.redd.it/idvxkvzpknfy.gif,9989,
Leonardo DiCaprio scaring Jonah Hill on the street by pretending to be a crazy fan,102731,4vv0sa,http://i.imgur.com/Qcx1DSD.gifv,2913,
WW2 Vet walking alone on Victory Day. He is the last of his squad,109945,5q6k5g,https://i.reddituploads.com/9059052290a341c9bbf565f894b19dfe?fit=max&h=1536&w=1536&s=55fed9bbdd441352aaf1f295925201e5,2591,
Little girl and her favorite trash man,104547,c9sddd,https://i.redd.it/oiqz9hvwzn831.jpg,1087,
"Grindelwald, Switzerland",105837,5k4gw2,http://10pm.com/files/lk9wdklq6dz.jpg,1828,
He is cheating,105247,dd54d1,https://i.redd.it/ur58nh97whq31.jpg,450,
My 60 y/o uncle shredding in Kauai,103246,deoh9o,https://i.redd.it/4foptlfr86r31.jpg,1249,
"I quote myself, ‚Äúwholesomeness on a higher level‚Äù",103777,c7u8bo,https://i.redd.it/8799j1kpqp731.jpg,628,
Nothing like mom‚Äôs unconditional love,105599,cyfzch,https://i.redd.it/sjx4yfc6y1k31.jpg,739,
if you draw hands on the small McDonald's hot cup it looks like a butt. If you poke a hole in it...,105918,5i8jvg,http://i.imgur.com/wYahuwm.gifv,2212,
A two for one special,108167,5oq8ak,http://i.imgur.com/sn1bXAa.gifv,1712,
Hold on.,103978,cqgbny,https://i.redd.it/iti4ybj7hhg31.jpg,2880,
Top 10 Solved Mysteries,103731,c92wsr,https://i.redd.it/8u8uyarrha831.png,469,
This insults me,106919,ctok3g,https://i.redd.it/epy21jpmtvh31.png,2099,
Times are a-changing ü§∑üèª‚Äç‚ôÇÔ∏è,104140,ci7f48,https://i.redd.it/7m1vvvuoapc31.jpg,2200,
Satellite images reveal China is destroying Muslim graveyards where generations of Uighur families are buried and replaces them with car parks and playgrounds 'to eradicate the ethnic group's identity',102622,dff5pq,https://www.dailymail.co.uk/news/article-7553127/Even-death-Uighurs-feel-long-reach-Chinese-state.html,6561,
"It was raining hard, I was totally wet but still had to get this shot.",102460,daenxg,https://i.redd.it/1hogo9nbibp31.jpg,1217,
Florida man king,104520,dc7e2a,https://i.redd.it/5ghdpwyn93q31.jpg,944,
Breaking open an Obsidian rock,103247,br6iuo,https://v.redd.it/e88yr3qs3iz21,2283,
Avengers... assemble!,104910,cvoj80,https://i.imgur.com/5udmQvq.gifv,3026,
Give the Guy a Break,103083,ce1zbd,https://i.redd.it/u60gpgqxwpa31.png,662,
"I'm going to play a nice relaxing game today, Also me",102582,da1brn,https://gfycat.com/allorneryaurochs,2900,
First open window car ride!,101585,bvk2sd,https://i.imgur.com/wzQAQ4n.gifv,681,
I can‚Äôt get to level 2!!,103567,cobdxh,https://i.redd.it/wt4k2pwotif31.jpg,607,
The only one who benefits from salary secrecy is your boss,102301,c1zl98,https://i.redd.it/644r3c1eq2531.jpg,2708,
sad cat,103103,clzfs9,https://i.redd.it/7alxg7bf2he31.png,499,
can you not,102908,csdalm,https://i.redd.it/hspmjxozoch31.jpg,821,
Don't tell me this is not true,107819,dikhsj,https://i.redd.it/osr5o5ox5us31.jpg,2788,
The police chief of my city,104016,5fgdf6,https://i.reddituploads.com/7258ea51b1d7457a913b894a28d588c3?fit=max&h=1536&w=1536&s=655379fc0768e43a9faecd5401f6e5a6,2717,
Someone is going to get mad,103009,cybwyy,https://i.redd.it/bi3e9xjjc0k31.jpg,1067,
I think I know what she wants for Christmas.,102853,dgpdaq,https://v.redd.it/4cgl5cqlx0s31,836,
"Ducky McDucky, The Dog Conquerer",104635,cro45b,https://gfycat.com/directnauticalicefish,709,
A simple compliment? Just look at me and I'm sold.,107059,cer0qd,https://i.redd.it/8rcw2uffn1b31.jpg,2366,
An informative meme.,102297,c9323r,https://i.redd.it/4ogxe1gmoa831.jpg,560,
When you're sorting the tank filters and a big boye wants cuddles,103735,dhgvg6,https://gfycat.com/cooperativethisamericanbulldog,1481,
Shocking...especially with Apple's record on protecting the rights of their Chinese factory workers...,105001,dg0qb3,https://i.imgur.com/BBpI4nt.jpg,1780,
Dawn of the Final Day,102303,d6mkrn,https://i.redd.it/4cvrtwz23nn31.png,427,
Built my good old boy a ramp to help him get around as he fights the good fight against heart disease.,105071,d53x52,https://v.redd.it/3ny7fpskqzm31,984,
How to tell if baby is awake back there.,106575,5nv97h,http://i.imgur.com/ac11ot0.gifv,1889,
My 3.5 month old piranha,101405,d7ak65,https://i.redd.it/q0iqheut9yn31.jpg,739,
Thanks Dad. Very cool.,104311,ddqhql,https://i.redd.it/dyr75t1perq31.jpg,777,
This McDonalds menu,103384,chcnau,https://i.redd.it/nb9geu8pxac31.jpg,3307,
The Avengers 1978 has aged really well,101391,d8ti48,https://gfycat.com/lividgratefulchihuahua,1910,
Every Legend of Zelda,101234,c3rje3,https://i.redd.it/zh6r45ajnx531.jpg,1179,
Be careful who you mess with,103515,cwsc7j,https://i.redd.it/47jx87sos9j31.jpg,1919,
A dad having fun cutting and eating a snowcake,101764,ddm1cl,https://v.redd.it/zmy8p9rikpq31,1123,
Xi the Pooh,103207,dfykfz,https://i.redd.it/rmwiq34w0qr31.png,501,
Sit so I can kiss you!,109792,5r34sn,https://i.imgur.com/VaeBUuj.gifv,982,
Waking up a deaf doggo,101427,dd5n0i,https://v.redd.it/35wma67w6iq31,774,
Last night a complete piece of shit burned down my friends racing pigeon loft. There were almost 2000 racing pigeons in there that were being prepared for the final race tomorrow. 4 dogs also lost their lives.,111041,dhfmlq,https://imgur.com/uST2M8H,2268,
Please go to your email and get your 6 digit code!,102853,d9xtnq,https://i.redd.it/crr0315it3p31.jpg,345,
Guess who had me for reddit secret santa,100522,2pw9wf,http://imgur.com/H8OuGkQ,1469,
CNN banned from White House press briefing,102355,5vznv8,http://money.cnn.com/2017/02/24/media/cnn-blocked-white-house-gaggle/index.html,18454,
Not all heroes...,101728,c4xuw7,https://i.redd.it/znvk31hpzd631.jpg,532,
My little brother has autism. He turned 17 today. I came home from work to this note.,103497,ckxr27,https://i.redd.it/wqasjkilzxd31.jpg,1896,
Modern problems require modern solutions.,101639,czil0x,https://i.redd.it/k5ar0o42sjk31.jpg,386,
Who likes Beer?,102541,dfw288,https://i.redd.it/joincn6hyor31.png,1203,
BaN aLl ViDeO GaMeS,101505,cmogss,https://i.redd.it/3p2k8tnstse31.jpg,534,
"8 week old kitten figures out when its owner is about to come into a room, hides and tries to scare her. The cutest little jump!",100407,c7ix0o,https://gfycat.com/paralleldevoteddaddylonglegs,601,
It really do be like that,101927,d35p32,https://i.imgur.com/CnsmSxk.jpg,632,
‚Äú Half of a pizza‚Äù,102857,dc1q2y,https://i.redd.it/zz3niracj0q31.jpg,369,
